cifar100_2024,/home/elipregerson/nnenum/vnncomp2025_benchmarks/benchmarks/cifar100_2024/onnx/CIFAR100_resnet_medium.onnx,/home/elipregerson/nnenum/vnncomp2025_benchmarks/benchmarks/cifar100_2024/vnnlib/CIFAR100_resnet_medium_prop_idx_7641_sidx_1041_eps_0.0039.vnnlib,.012235726,error_exit_code_1,.064747799
cifar100_2024,/home/elipregerson/nnenum/vnncomp2025_benchmarks/benchmarks/cifar100_2024/onnx/CIFAR100_resnet_medium.onnx,/home/elipregerson/nnenum/vnncomp2025_benchmarks/benchmarks/cifar100_2024/vnnlib/CIFAR100_resnet_medium_prop_idx_2132_sidx_6868_eps_0.0039.vnnlib,.006857432,error_exit_code_1,.051452158
cifar100_2024,/home/elipregerson/nnenum/vnncomp2025_benchmarks/benchmarks/cifar100_2024/onnx/CIFAR100_resnet_medium.onnx,/home/elipregerson/nnenum/vnncomp2025_benchmarks/benchmarks/cifar100_2024/vnnlib/CIFAR100_resnet_medium_prop_idx_6232_sidx_3020_eps_0.0039.vnnlib,.006798553,error_exit_code_1,.051075042
cifar100_2024,/home/elipregerson/nnenum/vnncomp2025_benchmarks/benchmarks/cifar100_2024/onnx/CIFAR100_resnet_medium.onnx,/home/elipregerson/nnenum/vnncomp2025_benchmarks/benchmarks/cifar100_2024/vnnlib/CIFAR100_resnet_medium_prop_idx_9694_sidx_2810_eps_0.0039.vnnlib,.006703269,error_exit_code_1,.054411035
cifar100_2024,/home/elipregerson/nnenum/vnncomp2025_benchmarks/benchmarks/cifar100_2024/onnx/CIFAR100_resnet_medium.onnx,/home/elipregerson/nnenum/vnncomp2025_benchmarks/benchmarks/cifar100_2024/vnnlib/CIFAR100_resnet_medium_prop_idx_4760_sidx_4651_eps_0.0039.vnnlib,.006867626,error_exit_code_1,.053932394
cifar100_2024,/home/elipregerson/nnenum/vnncomp2025_benchmarks/benchmarks/cifar100_2024/onnx/CIFAR100_resnet_medium.onnx,/home/elipregerson/nnenum/vnncomp2025_benchmarks/benchmarks/cifar100_2024/vnnlib/CIFAR100_resnet_medium_prop_idx_6135_sidx_4586_eps_0.0039.vnnlib,.007747329,error_exit_code_1,.065793155
cifar100_2024,/home/elipregerson/nnenum/vnncomp2025_benchmarks/benchmarks/cifar100_2024/onnx/CIFAR100_resnet_medium.onnx,/home/elipregerson/nnenum/vnncomp2025_benchmarks/benchmarks/cifar100_2024/vnnlib/CIFAR100_resnet_medium_prop_idx_4921_sidx_3617_eps_0.0039.vnnlib,.006546927,error_exit_code_1,.052091998
cifar100_2024,/home/elipregerson/nnenum/vnncomp2025_benchmarks/benchmarks/cifar100_2024/onnx/CIFAR100_resnet_medium.onnx,/home/elipregerson/nnenum/vnncomp2025_benchmarks/benchmarks/cifar100_2024/vnnlib/CIFAR100_resnet_medium_prop_idx_5242_sidx_1208_eps_0.0039.vnnlib,.007027737,error_exit_code_1,.060967073
cifar100_2024,/home/elipregerson/nnenum/vnncomp2025_benchmarks/benchmarks/cifar100_2024/onnx/CIFAR100_resnet_medium.onnx,/home/elipregerson/nnenum/vnncomp2025_benchmarks/benchmarks/cifar100_2024/vnnlib/CIFAR100_resnet_medium_prop_idx_2176_sidx_3285_eps_0.0039.vnnlib,.006620398,error_exit_code_1,.053940221
cifar100_2024,/home/elipregerson/nnenum/vnncomp2025_benchmarks/benchmarks/cifar100_2024/onnx/CIFAR100_resnet_medium.onnx,/home/elipregerson/nnenum/vnncomp2025_benchmarks/benchmarks/cifar100_2024/vnnlib/CIFAR100_resnet_medium_prop_idx_8762_sidx_3374_eps_0.0039.vnnlib,.006893614,error_exit_code_1,.062403690
cifar100_2024,/home/elipregerson/nnenum/vnncomp2025_benchmarks/benchmarks/cifar100_2024/onnx/CIFAR100_resnet_medium.onnx,/home/elipregerson/nnenum/vnncomp2025_benchmarks/benchmarks/cifar100_2024/vnnlib/CIFAR100_resnet_medium_prop_idx_7704_sidx_3701_eps_0.0039.vnnlib,.007098479,error_exit_code_1,.055967516
cifar100_2024,/home/elipregerson/nnenum/vnncomp2025_benchmarks/benchmarks/cifar100_2024/onnx/CIFAR100_resnet_medium.onnx,/home/elipregerson/nnenum/vnncomp2025_benchmarks/benchmarks/cifar100_2024/vnnlib/CIFAR100_resnet_medium_prop_idx_4752_sidx_1800_eps_0.0039.vnnlib,.006708945,error_exit_code_1,.061194434
cifar100_2024,/home/elipregerson/nnenum/vnncomp2025_benchmarks/benchmarks/cifar100_2024/onnx/CIFAR100_resnet_medium.onnx,/home/elipregerson/nnenum/vnncomp2025_benchmarks/benchmarks/cifar100_2024/vnnlib/CIFAR100_resnet_medium_prop_idx_6415_sidx_4543_eps_0.0039.vnnlib,.007663417,error_exit_code_1,.053841426
cifar100_2024,/home/elipregerson/nnenum/vnncomp2025_benchmarks/benchmarks/cifar100_2024/onnx/CIFAR100_resnet_medium.onnx,/home/elipregerson/nnenum/vnncomp2025_benchmarks/benchmarks/cifar100_2024/vnnlib/CIFAR100_resnet_medium_prop_idx_2477_sidx_388_eps_0.0039.vnnlib,.006661082,error_exit_code_1,.051702509
cifar100_2024,/home/elipregerson/nnenum/vnncomp2025_benchmarks/benchmarks/cifar100_2024/onnx/CIFAR100_resnet_medium.onnx,/home/elipregerson/nnenum/vnncomp2025_benchmarks/benchmarks/cifar100_2024/vnnlib/CIFAR100_resnet_medium_prop_idx_6553_sidx_7265_eps_0.0039.vnnlib,.007079280,error_exit_code_1,.055504538
cifar100_2024,/home/elipregerson/nnenum/vnncomp2025_benchmarks/benchmarks/cifar100_2024/onnx/CIFAR100_resnet_medium.onnx,/home/elipregerson/nnenum/vnncomp2025_benchmarks/benchmarks/cifar100_2024/vnnlib/CIFAR100_resnet_medium_prop_idx_8600_sidx_2721_eps_0.0039.vnnlib,.006734228,error_exit_code_1,.055009314
cifar100_2024,/home/elipregerson/nnenum/vnncomp2025_benchmarks/benchmarks/cifar100_2024/onnx/CIFAR100_resnet_medium.onnx,/home/elipregerson/nnenum/vnncomp2025_benchmarks/benchmarks/cifar100_2024/vnnlib/CIFAR100_resnet_medium_prop_idx_7258_sidx_3539_eps_0.0039.vnnlib,.006718795,error_exit_code_1,.053475034
cifar100_2024,/home/elipregerson/nnenum/vnncomp2025_benchmarks/benchmarks/cifar100_2024/onnx/CIFAR100_resnet_medium.onnx,/home/elipregerson/nnenum/vnncomp2025_benchmarks/benchmarks/cifar100_2024/vnnlib/CIFAR100_resnet_medium_prop_idx_6659_sidx_4583_eps_0.0039.vnnlib,.006684759,error_exit_code_1,.050314683
cifar100_2024,/home/elipregerson/nnenum/vnncomp2025_benchmarks/benchmarks/cifar100_2024/onnx/CIFAR100_resnet_medium.onnx,/home/elipregerson/nnenum/vnncomp2025_benchmarks/benchmarks/cifar100_2024/vnnlib/CIFAR100_resnet_medium_prop_idx_885_sidx_7654_eps_0.0039.vnnlib,.006797309,error_exit_code_1,.057307742
cifar100_2024,/home/elipregerson/nnenum/vnncomp2025_benchmarks/benchmarks/cifar100_2024/onnx/CIFAR100_resnet_medium.onnx,/home/elipregerson/nnenum/vnncomp2025_benchmarks/benchmarks/cifar100_2024/vnnlib/CIFAR100_resnet_medium_prop_idx_3006_sidx_928_eps_0.0039.vnnlib,.006690327,error_exit_code_1,.050806322
cifar100_2024,/home/elipregerson/nnenum/vnncomp2025_benchmarks/benchmarks/cifar100_2024/onnx/CIFAR100_resnet_medium.onnx,/home/elipregerson/nnenum/vnncomp2025_benchmarks/benchmarks/cifar100_2024/vnnlib/CIFAR100_resnet_medium_prop_idx_1588_sidx_6654_eps_0.0039.vnnlib,.006842400,error_exit_code_1,.054739825
cifar100_2024,/home/elipregerson/nnenum/vnncomp2025_benchmarks/benchmarks/cifar100_2024/onnx/CIFAR100_resnet_medium.onnx,/home/elipregerson/nnenum/vnncomp2025_benchmarks/benchmarks/cifar100_2024/vnnlib/CIFAR100_resnet_medium_prop_idx_8594_sidx_5815_eps_0.0039.vnnlib,.006824210,error_exit_code_1,.050065899
cifar100_2024,/home/elipregerson/nnenum/vnncomp2025_benchmarks/benchmarks/cifar100_2024/onnx/CIFAR100_resnet_medium.onnx,/home/elipregerson/nnenum/vnncomp2025_benchmarks/benchmarks/cifar100_2024/vnnlib/CIFAR100_resnet_medium_prop_idx_9658_sidx_1660_eps_0.0039.vnnlib,.006848075,error_exit_code_1,.052835209
cifar100_2024,/home/elipregerson/nnenum/vnncomp2025_benchmarks/benchmarks/cifar100_2024/onnx/CIFAR100_resnet_medium.onnx,/home/elipregerson/nnenum/vnncomp2025_benchmarks/benchmarks/cifar100_2024/vnnlib/CIFAR100_resnet_medium_prop_idx_8505_sidx_1690_eps_0.0039.vnnlib,.006830487,error_exit_code_1,.051447385
