onnx/pensieve_big_parallel.onnx,vnnlib/pensieve_parallel_1.vnnlib,30
onnx/pensieve_big_parallel.onnx,vnnlib/pensieve_parallel_8.vnnlib,30
onnx/pensieve_big_parallel.onnx,vnnlib/pensieve_parallel_23.vnnlib,30
onnx/pensieve_big_parallel.onnx,vnnlib/pensieve_parallel_24.vnnlib,30
onnx/pensieve_big_parallel.onnx,vnnlib/pensieve_parallel_30.vnnlib,30
onnx/pensieve_big_parallel.onnx,vnnlib/pensieve_parallel_35.vnnlib,60
onnx/pensieve_big_parallel.onnx,vnnlib/pensieve_parallel_36.vnnlib,60
onnx/pensieve_big_parallel.onnx,vnnlib/pensieve_parallel_37.vnnlib,60
onnx/pensieve_big_parallel.onnx,vnnlib/pensieve_parallel_38.vnnlib,60
onnx/pensieve_big_parallel.onnx,vnnlib/pensieve_parallel_39.vnnlib,60
onnx/pensieve_big_parallel.onnx,vnnlib/pensieve_parallel_40.vnnlib,60
onnx/pensieve_big_parallel.onnx,vnnlib/pensieve_parallel_41.vnnlib,60
onnx/pensieve_big_parallel.onnx,vnnlib/pensieve_parallel_42.vnnlib,60
onnx/pensieve_big_parallel.onnx,vnnlib/pensieve_parallel_43.vnnlib,60
onnx/pensieve_big_parallel.onnx,vnnlib/pensieve_parallel_44.vnnlib,60
onnx/pensieve_big_parallel.onnx,vnnlib/pensieve_parallel_45.vnnlib,60
onnx/pensieve_big_parallel.onnx,vnnlib/pensieve_parallel_46.vnnlib,60
onnx/pensieve_big_parallel.onnx,vnnlib/pensieve_parallel_47.vnnlib,60
onnx/pensieve_big_parallel.onnx,vnnlib/pensieve_parallel_48.vnnlib,60
onnx/pensieve_big_parallel.onnx,vnnlib/pensieve_parallel_49.vnnlib,60
onnx/pensieve_big_parallel.onnx,vnnlib/pensieve_parallel_50.vnnlib,60
onnx/pensieve_big_parallel.onnx,vnnlib/pensieve_parallel_51.vnnlib,60
onnx/pensieve_big_parallel.onnx,vnnlib/pensieve_parallel_52.vnnlib,60
onnx/pensieve_big_parallel.onnx,vnnlib/pensieve_parallel_53.vnnlib,60
onnx/pensieve_big_parallel.onnx,vnnlib/pensieve_parallel_54.vnnlib,60
onnx/pensieve_big_parallel.onnx,vnnlib/pensieve_parallel_55.vnnlib,60
onnx/pensieve_big_parallel.onnx,vnnlib/pensieve_parallel_56.vnnlib,60
onnx/pensieve_big_parallel.onnx,vnnlib/pensieve_parallel_57.vnnlib,60
onnx/pensieve_big_parallel.onnx,vnnlib/pensieve_parallel_58.vnnlib,60
onnx/pensieve_big_parallel.onnx,vnnlib/pensieve_parallel_59.vnnlib,60
onnx/pensieve_big_parallel.onnx,vnnlib/pensieve_parallel_60.vnnlib,60
onnx/pensieve_big_parallel.onnx,vnnlib/pensieve_parallel_61.vnnlib,60
onnx/pensieve_big_parallel.onnx,vnnlib/pensieve_parallel_62.vnnlib,60
onnx/pensieve_big_parallel.onnx,vnnlib/pensieve_parallel_63.vnnlib,60
onnx/pensieve_big_parallel.onnx,vnnlib/pensieve_parallel_64.vnnlib,60
onnx/pensieve_big_parallel.onnx,vnnlib/pensieve_parallel_65.vnnlib,60
onnx/pensieve_big_parallel.onnx,vnnlib/pensieve_parallel_66.vnnlib,60
onnx/pensieve_big_parallel.onnx,vnnlib/pensieve_parallel_67.vnnlib,60
onnx/pensieve_big_parallel.onnx,vnnlib/pensieve_parallel_68.vnnlib,60
onnx/pensieve_big_parallel.onnx,vnnlib/pensieve_parallel_69.vnnlib,60
onnx/pensieve_big_parallel.onnx,vnnlib/pensieve_parallel_70.vnnlib,140
onnx/pensieve_big_parallel.onnx,vnnlib/pensieve_parallel_71.vnnlib,140
onnx/pensieve_big_parallel.onnx,vnnlib/pensieve_parallel_72.vnnlib,140
onnx/pensieve_big_parallel.onnx,vnnlib/pensieve_parallel_73.vnnlib,140
onnx/pensieve_big_parallel.onnx,vnnlib/pensieve_parallel_74.vnnlib,140
onnx/pensieve_big_parallel.onnx,vnnlib/pensieve_parallel_75.vnnlib,140
onnx/pensieve_big_parallel.onnx,vnnlib/pensieve_parallel_76.vnnlib,140
onnx/pensieve_big_parallel.onnx,vnnlib/pensieve_parallel_77.vnnlib,140
onnx/pensieve_big_parallel.onnx,vnnlib/pensieve_parallel_78.vnnlib,140
onnx/pensieve_big_parallel.onnx,vnnlib/pensieve_parallel_79.vnnlib,140
onnx/pensieve_big_parallel.onnx,vnnlib/pensieve_parallel_80.vnnlib,140
onnx/pensieve_big_parallel.onnx,vnnlib/pensieve_parallel_81.vnnlib,140
onnx/pensieve_big_parallel.onnx,vnnlib/pensieve_parallel_82.vnnlib,140
onnx/pensieve_big_parallel.onnx,vnnlib/pensieve_parallel_83.vnnlib,140
onnx/pensieve_big_parallel.onnx,vnnlib/pensieve_parallel_84.vnnlib,140
onnx/pensieve_big_parallel.onnx,vnnlib/pensieve_parallel_85.vnnlib,140
onnx/pensieve_big_parallel.onnx,vnnlib/pensieve_parallel_86.vnnlib,140
onnx/pensieve_big_parallel.onnx,vnnlib/pensieve_parallel_87.vnnlib,140
onnx/pensieve_big_parallel.onnx,vnnlib/pensieve_parallel_88.vnnlib,140
onnx/pensieve_big_parallel.onnx,vnnlib/pensieve_parallel_89.vnnlib,140
onnx/pensieve_big_parallel.onnx,vnnlib/pensieve_parallel_90.vnnlib,140
onnx/pensieve_big_parallel.onnx,vnnlib/pensieve_parallel_91.vnnlib,140
onnx/pensieve_big_parallel.onnx,vnnlib/pensieve_parallel_92.vnnlib,140
onnx/pensieve_big_parallel.onnx,vnnlib/pensieve_parallel_93.vnnlib,140
onnx/pensieve_big_parallel.onnx,vnnlib/pensieve_parallel_94.vnnlib,140
onnx/pensieve_big_parallel.onnx,vnnlib/pensieve_parallel_95.vnnlib,140
onnx/pensieve_big_parallel.onnx,vnnlib/pensieve_parallel_96.vnnlib,140
onnx/pensieve_big_parallel.onnx,vnnlib/pensieve_parallel_97.vnnlib,140
onnx/pensieve_big_parallel.onnx,vnnlib/pensieve_parallel_98.vnnlib,140
onnx/pensieve_big_parallel.onnx,vnnlib/pensieve_parallel_99.vnnlib,140
onnx/pensieve_big_parallel.onnx,vnnlib/pensieve_parallel_100.vnnlib,140
onnx/pensieve_big_parallel.onnx,vnnlib/pensieve_parallel_101.vnnlib,140
onnx/pensieve_big_parallel.onnx,vnnlib/pensieve_parallel_102.vnnlib,140
onnx/pensieve_big_parallel.onnx,vnnlib/pensieve_parallel_103.vnnlib,140
onnx/pensieve_big_parallel.onnx,vnnlib/pensieve_parallel_104.vnnlib,140
onnx/pensieve_mid_simple.onnx,vnnlib/pensieve_simple_6.vnnlib,30
onnx/pensieve_mid_simple.onnx,vnnlib/pensieve_simple_11.vnnlib,30
onnx/pensieve_mid_simple.onnx,vnnlib/pensieve_simple_21.vnnlib,30
onnx/pensieve_big_simple.onnx,vnnlib/pensieve_simple_7.vnnlib,30
onnx/pensieve_big_simple.onnx,vnnlib/pensieve_simple_10.vnnlib,30
onnx/pensieve_big_simple.onnx,vnnlib/pensieve_simple_12.vnnlib,30
onnx/pensieve_big_simple.onnx,vnnlib/pensieve_simple_14.vnnlib,30
onnx/pensieve_big_simple.onnx,vnnlib/pensieve_simple_22.vnnlib,30
onnx/pensieve_big_simple.onnx,vnnlib/pensieve_simple_25.vnnlib,30
onnx/pensieve_big_simple.onnx,vnnlib/pensieve_simple_26.vnnlib,30
onnx/pensieve_big_simple.onnx,vnnlib/pensieve_simple_29.vnnlib,30
onnx/pensieve_big_simple.onnx,vnnlib/pensieve_simple_31.vnnlib,30
